eval_loss,eval_accuracy,eval_f1,eval_recall,eval_precision
0.5520822405815125,0.7972299842060503,0.7975361000604426,0.7972299842060503,0.7995789550335164
