eval_loss,eval_accuracy,eval_f1,eval_recall,eval_precision
0.687608003616333,0.7494836593366541,0.7497965905384828,0.7494836593366541,0.7517989711887774
