eval_loss,eval_accuracy,eval_f1,eval_recall,eval_precision
0.7880104780197144,0.7059895516948123,0.706511863696848,0.7059895516948123,0.7088184448507865
