eval_loss,eval_accuracy,eval_f1,eval_recall,eval_precision
0.884943962097168,0.6357672214797716,0.6319835365581877,0.6357672214797716,0.6408952416570116
