accuracy,f1,precision,recall
0.2856766719325961,0.17678695962363744,0.12950455428958715,0.2856766719325961
