accuracy,f1,precision,recall
0.2643496577145866,0.16386725823933398,0.11936501819226063,0.2643496577145866
