accuracy,f1,precision,recall
0.2740916271721959,0.16922475618774435,0.12397321512185047,0.2740916271721959
