accuracy,f1,precision,recall
0.25934702474986837,0.16151370576467405,0.11807145321108731,0.25934702474986837
