eval_loss,eval_accuracy,eval_f1,eval_recall,eval_precision
0.34232622385025024,0.8572832989059751,0.8556561033454171,0.845402281275802,0.866161715060038
