accuracy,f1,precision,recall
0.712612797502441,0.6811847170670456,0.7683657587548638,0.6117713393476752
