accuracy,f1,precision,recall
0.6257206291162148,0.6033886241869477,0.644362182780413,0.5673143650242887
