eval_loss,eval_accuracy,eval_f1,eval_recall,eval_precision
0.48863551020622253,0.80806875,0.8073317941124802,0.8037363914029269,0.8109595084291792
