eval_loss,eval_accuracy,eval_f1,eval_recall,eval_precision
0.4228888154029846,0.8098997781348022,0.8088306572600189,0.8037292437540137,0.8139972436006627
