accuracy,f1,precision,recall
0.6722015958009167,0.644667210473449,0.7068789639419878,0.5925200753445028
