accuracy,f1,precision,recall
0.6226142278773857,0.5978028533081473,0.6425838718180718,0.5588566967383761
