eval_loss,eval_accuracy,eval_f1,eval_recall,eval_precision
0.44589048624038696,0.807678125,0.8073620784098913,0.8055290098125558,0.8092035087278979
