eval_loss,eval_accuracy,eval_f1,eval_recall,eval_precision
0.44521480798721313,0.804909375,0.8040133485278005,0.7998326056676723,0.808238026711101
