accuracy,f1,precision,recall
0.5928966336436625,0.5308968433121932,0.6294414518513484,0.4590314265886785
