Model,accuracy,f1,precision,recall
Pre-trained,0.6155620641474874,0.5334097142922178,0.6817132772196579,0.43810253821658035
Fine-tuned,0.5015863390420701,0.6680752561481809,0.5015863390420701,1.0
Statistical,0.5928656941288264,0.5302107829700057,0.629370210215353,0.45804433310275633
