eval_loss,eval_accuracy,eval_f1,eval_recall,eval_precision
0.43265771865844727,0.8030296075281157,0.801123152861568,0.7928733066267086,0.8095464834907501
