accuracy,f1,precision,recall
0.6343215358495494,0.5823626342405819,0.6821751863684771,0.5080301378011302
