eval_loss,eval_accuracy,eval_f1,eval_recall,eval_precision
0.31917840242385864,0.8657486037793589,0.8656982573223839,0.8647518424513012,0.8666467460426914
