accuracy,f1,precision,recall
0.6230619974253251,0.5998316414954197,0.6419138999385302,0.5629275304847824
