accuracy,f1,precision,recall
0.710576067961467,0.679560845121821,0.7646329653302344,0.611523495588381
