accuracy,f1,precision,recall
0.5018501588959993,0.668309226354387,0.5018501588959993,0.92211303003
